﻿{"ATLAS": {"SPRITES":[ 
{"SPRITE" : {"name": "0000","x":1693,"y":1699,"w":33,"h":71,"rotated": true}},
{"SPRITE" : {"name": "0001","x":1976,"y":398,"w":3,"h":3,"rotated": false}},
{"SPRITE" : {"name": "0002","x":1693,"y":1699,"w":33,"h":71,"rotated": true}},
{"SPRITE" : {"name": "0003","x":1693,"y":1699,"w":33,"h":71,"rotated": true}},
{"SPRITE" : {"name": "0004","x":1213,"y":1661,"w":72,"h":38,"rotated": false}},
{"SPRITE" : {"name": "0005","x":1213,"y":1661,"w":72,"h":38,"rotated": false}},
{"SPRITE" : {"name": "0006","x":1955,"y":1610,"w":80,"h":37,"rotated": false}},
{"SPRITE" : {"name": "0007","x":1955,"y":1610,"w":80,"h":37,"rotated": false}},
{"SPRITE" : {"name": "0008","x":1715,"y":1611,"w":80,"h":37,"rotated": false}},
{"SPRITE" : {"name": "0009","x":1715,"y":1611,"w":80,"h":37,"rotated": false}},
{"SPRITE" : {"name": "0010","x":971,"y":1703,"w":68,"h":33,"rotated": false}},
{"SPRITE" : {"name": "0011","x":971,"y":1703,"w":68,"h":33,"rotated": false}},
{"SPRITE" : {"name": "0012","x":1044,"y":1739,"w":41,"h":42,"rotated": false}},
{"SPRITE" : {"name": "0013","x":798,"y":1737,"w":42,"h":41,"rotated": false}},
{"SPRITE" : {"name": "0014","x":798,"y":1737,"w":42,"h":41,"rotated": false}},
{"SPRITE" : {"name": "0015","x":582,"y":1669,"w":39,"h":68,"rotated": true}},
{"SPRITE" : {"name": "0016","x":1453,"y":1661,"w":35,"h":77,"rotated": true}},
{"SPRITE" : {"name": "0017","x":1862,"y":1615,"w":82,"h":36,"rotated": false}},
{"SPRITE" : {"name": "0018","x":808,"y":1651,"w":35,"h":81,"rotated": true}},
{"SPRITE" : {"name": "0019","x":76,"y":1674,"w":30,"h":85,"rotated": true}},
{"SPRITE" : {"name": "0020","x":76,"y":1674,"w":30,"h":85,"rotated": true}},
{"SPRITE" : {"name": "0021","x":848,"y":1711,"w":46,"h":45,"rotated": false}},
{"SPRITE" : {"name": "0022","x":0,"y":1715,"w":48,"h":43,"rotated": false}},
{"SPRITE" : {"name": "0023","x":1949,"y":1652,"w":73,"h":39,"rotated": false}},
{"SPRITE" : {"name": "0024","x":928,"y":1671,"w":38,"h":69,"rotated": true}},
{"SPRITE" : {"name": "0025","x":993,"y":1662,"w":74,"h":36,"rotated": false}},
{"SPRITE" : {"name": "0026","x":381,"y":1682,"w":77,"h":33,"rotated": false}},
{"SPRITE" : {"name": "0027","x":381,"y":1682,"w":77,"h":33,"rotated": false}},
{"SPRITE" : {"name": "0028","x":1611,"y":1691,"w":77,"h":33,"rotated": false}},
{"SPRITE" : {"name": "0029","x":817,"y":1520,"w":29,"h":83,"rotated": true}},
{"SPRITE" : {"name": "0030","x":817,"y":1520,"w":29,"h":83,"rotated": true}},
{"SPRITE" : {"name": "0031","x":626,"y":1740,"w":42,"h":39,"rotated": false}},
{"SPRITE" : {"name": "0032","x":626,"y":1740,"w":42,"h":39,"rotated": false}},
{"SPRITE" : {"name": "0033","x":1290,"y":1661,"w":78,"h":35,"rotated": false}},
{"SPRITE" : {"name": "0034","x":1290,"y":1661,"w":78,"h":35,"rotated": false}},
{"SPRITE" : {"name": "0035","x":1962,"y":1733,"w":43,"h":42,"rotated": false}},
{"SPRITE" : {"name": "0036","x":1962,"y":1733,"w":43,"h":42,"rotated": false}},
{"SPRITE" : {"name": "0037","x":499,"y":1669,"w":78,"h":34,"rotated": false}},
{"SPRITE" : {"name": "0038","x":499,"y":1669,"w":78,"h":34,"rotated": false}},
{"SPRITE" : {"name": "0039","x":499,"y":1669,"w":78,"h":34,"rotated": false}},
{"SPRITE" : {"name": "0040","x":848,"y":1671,"w":75,"h":35,"rotated": false}},
{"SPRITE" : {"name": "0041","x":848,"y":1671,"w":75,"h":35,"rotated": false}},
{"SPRITE" : {"name": "0042","x":1566,"y":1647,"w":40,"h":73,"rotated": true}},
{"SPRITE" : {"name": "0043","x":1072,"y":1662,"w":37,"h":72,"rotated": true}},
{"SPRITE" : {"name": "0044","x":1072,"y":1662,"w":37,"h":72,"rotated": true}},
{"SPRITE" : {"name": "0045","x":144,"y":1672,"w":80,"h":32,"rotated": false}},
{"SPRITE" : {"name": "0046","x":144,"y":1672,"w":80,"h":32,"rotated": false}},
{"SPRITE" : {"name": "0047","x":1768,"y":1653,"w":76,"h":36,"rotated": false}},
{"SPRITE" : {"name": "0048","x":1849,"y":1656,"w":76,"h":36,"rotated": false}},
{"SPRITE" : {"name": "0049","x":1999,"y":588,"w":41,"h":61,"rotated": true}},
{"SPRITE" : {"name": "0050","x":1365,"y":1702,"w":62,"h":37,"rotated": false}},
{"SPRITE" : {"name": "0051","x":2002,"y":1275,"w":41,"h":61,"rotated": true}},
{"SPRITE" : {"name": "0052","x":2002,"y":1275,"w":41,"h":61,"rotated": true}},
{"SPRITE" : {"name": "0053","x":2002,"y":1275,"w":41,"h":61,"rotated": true}},
{"SPRITE" : {"name": "0054","x":569,"y":1742,"w":33,"h":39,"rotated": false}},
{"SPRITE" : {"name": "0055","x":569,"y":1742,"w":33,"h":39,"rotated": false}},
{"SPRITE" : {"name": "0056","x":1194,"y":1743,"w":33,"h":30,"rotated": false}},
{"SPRITE" : {"name": "0057","x":1194,"y":1743,"w":33,"h":30,"rotated": false}},
{"SPRITE" : {"name": "0058","x":1872,"y":1740,"w":39,"h":39,"rotated": false}},
{"SPRITE" : {"name": "0059","x":1872,"y":1740,"w":39,"h":39,"rotated": false}},
{"SPRITE" : {"name": "0060","x":1819,"y":1740,"w":48,"h":34,"rotated": false}},
{"SPRITE" : {"name": "0061","x":1290,"y":1701,"w":70,"h":33,"rotated": false}},
{"SPRITE" : {"name": "0062","x":1290,"y":1701,"w":70,"h":33,"rotated": false}},
{"SPRITE" : {"name": "0063","x":1290,"y":1701,"w":70,"h":33,"rotated": false}},
{"SPRITE" : {"name": "0064","x":1290,"y":1701,"w":70,"h":33,"rotated": false}},
{"SPRITE" : {"name": "0065","x":2010,"y":1696,"w":33,"h":72,"rotated": true}},
{"SPRITE" : {"name": "0066","x":2010,"y":1696,"w":33,"h":72,"rotated": true}},
{"SPRITE" : {"name": "0067","x":2010,"y":1696,"w":33,"h":72,"rotated": true}},
{"SPRITE" : {"name": "0068","x":2010,"y":1696,"w":33,"h":72,"rotated": true}},
{"SPRITE" : {"name": "0069","x":2010,"y":1696,"w":33,"h":72,"rotated": true}},
{"SPRITE" : {"name": "0070","x":2010,"y":1696,"w":33,"h":72,"rotated": true}},
{"SPRITE" : {"name": "0071","x":2010,"y":1696,"w":33,"h":72,"rotated": true}},
{"SPRITE" : {"name": "0072","x":2010,"y":1696,"w":33,"h":72,"rotated": true}},
{"SPRITE" : {"name": "0073","x":2010,"y":1696,"w":33,"h":72,"rotated": true}},
{"SPRITE" : {"name": "0074","x":2010,"y":1696,"w":33,"h":72,"rotated": true}},
{"SPRITE" : {"name": "0075","x":2010,"y":1696,"w":33,"h":72,"rotated": true}},
{"SPRITE" : {"name": "0076","x":2010,"y":1696,"w":33,"h":72,"rotated": true}},
{"SPRITE" : {"name": "0077","x":2010,"y":1696,"w":33,"h":72,"rotated": true}},
{"SPRITE" : {"name": "0078","x":2010,"y":1696,"w":33,"h":72,"rotated": true}},
{"SPRITE" : {"name": "0079","x":2010,"y":1696,"w":33,"h":72,"rotated": true}},
{"SPRITE" : {"name": "0080","x":2010,"y":1696,"w":33,"h":72,"rotated": true}},
{"SPRITE" : {"name": "0081","x":2010,"y":1696,"w":33,"h":72,"rotated": true}},
{"SPRITE" : {"name": "0082","x":2010,"y":1696,"w":33,"h":72,"rotated": true}},
{"SPRITE" : {"name": "0083","x":2010,"y":1696,"w":33,"h":72,"rotated": true}},
{"SPRITE" : {"name": "0084","x":2010,"y":1696,"w":33,"h":72,"rotated": true}},
{"SPRITE" : {"name": "0085","x":2010,"y":1696,"w":33,"h":72,"rotated": true}},
{"SPRITE" : {"name": "0086","x":2010,"y":1696,"w":33,"h":72,"rotated": true}},
{"SPRITE" : {"name": "0087","x":2010,"y":1696,"w":33,"h":72,"rotated": true}},
{"SPRITE" : {"name": "0088","x":2010,"y":1696,"w":33,"h":72,"rotated": true}},
{"SPRITE" : {"name": "0089","x":2010,"y":1696,"w":33,"h":72,"rotated": true}},
{"SPRITE" : {"name": "0090","x":2010,"y":1696,"w":33,"h":72,"rotated": true}},
{"SPRITE" : {"name": "0091","x":2010,"y":1696,"w":33,"h":72,"rotated": true}},
{"SPRITE" : {"name": "0092","x":2010,"y":1696,"w":33,"h":72,"rotated": true}},
{"SPRITE" : {"name": "0093","x":2010,"y":1696,"w":33,"h":72,"rotated": true}},
{"SPRITE" : {"name": "0094","x":2010,"y":1696,"w":33,"h":72,"rotated": true}},
{"SPRITE" : {"name": "0095","x":2010,"y":1696,"w":33,"h":72,"rotated": true}},
{"SPRITE" : {"name": "0096","x":2010,"y":1696,"w":33,"h":72,"rotated": true}},
{"SPRITE" : {"name": "0097","x":2010,"y":1696,"w":33,"h":72,"rotated": true}},
{"SPRITE" : {"name": "0098","x":2010,"y":1696,"w":33,"h":72,"rotated": true}},
{"SPRITE" : {"name": "0099","x":2010,"y":1696,"w":33,"h":72,"rotated": true}},
{"SPRITE" : {"name": "0100","x":2010,"y":1696,"w":33,"h":72,"rotated": true}},
{"SPRITE" : {"name": "0101","x":2010,"y":1696,"w":33,"h":72,"rotated": true}},
{"SPRITE" : {"name": "0102","x":2010,"y":1696,"w":33,"h":72,"rotated": true}},
{"SPRITE" : {"name": "0103","x":2010,"y":1696,"w":33,"h":72,"rotated": true}},
{"SPRITE" : {"name": "0104","x":2010,"y":1696,"w":33,"h":72,"rotated": true}},
{"SPRITE" : {"name": "0105","x":2010,"y":1696,"w":33,"h":72,"rotated": true}},
{"SPRITE" : {"name": "0106","x":2010,"y":1696,"w":33,"h":72,"rotated": true}},
{"SPRITE" : {"name": "0107","x":2010,"y":1696,"w":33,"h":72,"rotated": true}},
{"SPRITE" : {"name": "0108","x":2010,"y":1696,"w":33,"h":72,"rotated": true}},
{"SPRITE" : {"name": "0109","x":2010,"y":1696,"w":33,"h":72,"rotated": true}},
{"SPRITE" : {"name": "0110","x":2010,"y":1696,"w":33,"h":72,"rotated": true}},
{"SPRITE" : {"name": "0111","x":2010,"y":1696,"w":33,"h":72,"rotated": true}},
{"SPRITE" : {"name": "0112","x":2010,"y":1696,"w":33,"h":72,"rotated": true}},
{"SPRITE" : {"name": "0113","x":2010,"y":1696,"w":33,"h":72,"rotated": true}},
{"SPRITE" : {"name": "0114","x":2010,"y":1696,"w":33,"h":72,"rotated": true}},
{"SPRITE" : {"name": "0115","x":2010,"y":1696,"w":33,"h":72,"rotated": true}},
{"SPRITE" : {"name": "0116","x":2010,"y":1696,"w":33,"h":72,"rotated": true}},
{"SPRITE" : {"name": "0117","x":2010,"y":1696,"w":33,"h":72,"rotated": true}},
{"SPRITE" : {"name": "0118","x":2010,"y":1696,"w":33,"h":72,"rotated": true}},
{"SPRITE" : {"name": "0119","x":2010,"y":1696,"w":33,"h":72,"rotated": true}},
{"SPRITE" : {"name": "0120","x":2010,"y":1696,"w":33,"h":72,"rotated": true}},
{"SPRITE" : {"name": "0121","x":2010,"y":1696,"w":33,"h":72,"rotated": true}},
{"SPRITE" : {"name": "0122","x":2010,"y":1696,"w":33,"h":72,"rotated": true}},
{"SPRITE" : {"name": "0123","x":2010,"y":1696,"w":33,"h":72,"rotated": true}},
{"SPRITE" : {"name": "0124","x":2010,"y":1696,"w":33,"h":72,"rotated": true}},
{"SPRITE" : {"name": "0125","x":2010,"y":1696,"w":33,"h":72,"rotated": true}},
{"SPRITE" : {"name": "0126","x":2010,"y":1696,"w":33,"h":72,"rotated": true}},
{"SPRITE" : {"name": "0127","x":2010,"y":1696,"w":33,"h":72,"rotated": true}},
{"SPRITE" : {"name": "0128","x":2010,"y":1696,"w":33,"h":72,"rotated": true}},
{"SPRITE" : {"name": "0129","x":2010,"y":1696,"w":33,"h":72,"rotated": true}},
{"SPRITE" : {"name": "0130","x":2010,"y":1696,"w":33,"h":72,"rotated": true}},
{"SPRITE" : {"name": "0131","x":2010,"y":1696,"w":33,"h":72,"rotated": true}},
{"SPRITE" : {"name": "0132","x":2010,"y":1696,"w":33,"h":72,"rotated": true}},
{"SPRITE" : {"name": "0133","x":2010,"y":1696,"w":33,"h":72,"rotated": true}},
{"SPRITE" : {"name": "0134","x":2010,"y":1696,"w":33,"h":72,"rotated": true}},
{"SPRITE" : {"name": "0135","x":2010,"y":1696,"w":33,"h":72,"rotated": true}},
{"SPRITE" : {"name": "0136","x":2010,"y":1696,"w":33,"h":72,"rotated": true}},
{"SPRITE" : {"name": "0137","x":2010,"y":1696,"w":33,"h":72,"rotated": true}},
{"SPRITE" : {"name": "0138","x":2010,"y":1696,"w":33,"h":72,"rotated": true}},
{"SPRITE" : {"name": "0139","x":2010,"y":1696,"w":33,"h":72,"rotated": true}},
{"SPRITE" : {"name": "0140","x":2010,"y":1696,"w":33,"h":72,"rotated": true}},
{"SPRITE" : {"name": "0141","x":2010,"y":1696,"w":33,"h":72,"rotated": true}},
{"SPRITE" : {"name": "0142","x":2010,"y":1696,"w":33,"h":72,"rotated": true}},
{"SPRITE" : {"name": "0143","x":2010,"y":1696,"w":33,"h":72,"rotated": true}},
{"SPRITE" : {"name": "0144","x":431,"y":1720,"w":27,"h":65,"rotated": true}},
{"SPRITE" : {"name": "0145","x":431,"y":1720,"w":27,"h":65,"rotated": true}},
{"SPRITE" : {"name": "0146","x":689,"y":1692,"w":35,"h":71,"rotated": true}},
{"SPRITE" : {"name": "0147","x":533,"y":1708,"w":31,"h":70,"rotated": true}},
{"SPRITE" : {"name": "0148","x":533,"y":1708,"w":31,"h":70,"rotated": true}},
{"SPRITE" : {"name": "0149","x":533,"y":1708,"w":31,"h":70,"rotated": true}},
{"SPRITE" : {"name": "0150","x":533,"y":1708,"w":31,"h":70,"rotated": true}},
{"SPRITE" : {"name": "0151","x":1310,"y":1739,"w":33,"h":51,"rotated": true}},
{"SPRITE" : {"name": "0152","x":1310,"y":1739,"w":33,"h":51,"rotated": true}},
{"SPRITE" : {"name": "0153","x":1194,"y":1704,"w":66,"h":34,"rotated": false}},
{"SPRITE" : {"name": "0154","x":1194,"y":1704,"w":66,"h":34,"rotated": false}},
{"SPRITE" : {"name": "0155","x":362,"y":1720,"w":64,"h":32,"rotated": false}},
{"SPRITE" : {"name": "0156","x":1565,"y":1725,"w":29,"h":70,"rotated": true}},
{"SPRITE" : {"name": "0157","x":1565,"y":1725,"w":29,"h":70,"rotated": true}},
{"SPRITE" : {"name": "0158","x":1493,"y":1695,"w":67,"h":36,"rotated": false}},
{"SPRITE" : {"name": "0159","x":1493,"y":1695,"w":67,"h":36,"rotated": false}},
{"SPRITE" : {"name": "0160","x":2017,"y":1424,"w":31,"h":71,"rotated": true}},
{"SPRITE" : {"name": "0161","x":2017,"y":1424,"w":31,"h":71,"rotated": true}},
{"SPRITE" : {"name": "0162","x":2017,"y":1424,"w":31,"h":71,"rotated": true}},
{"SPRITE" : {"name": "0163","x":1611,"y":1650,"w":80,"h":36,"rotated": false}},
{"SPRITE" : {"name": "0164","x":1611,"y":1650,"w":80,"h":36,"rotated": false}},
{"SPRITE" : {"name": "0165","x":1985,"y":654,"w":63,"h":66,"rotated": false}},
{"SPRITE" : {"name": "0166","x":1985,"y":725,"w":63,"h":66,"rotated": false}},
{"SPRITE" : {"name": "0167","x":1493,"y":1736,"w":64,"h":27,"rotated": false}},
{"SPRITE" : {"name": "0168","x":729,"y":1737,"w":64,"h":27,"rotated": false}},
{"SPRITE" : {"name": "0169","x":1160,"y":1731,"w":29,"h":61,"rotated": true}},
{"SPRITE" : {"name": "0170","x":1160,"y":1731,"w":29,"h":61,"rotated": true}},
{"SPRITE" : {"name": "0171","x":463,"y":1708,"w":65,"h":34,"rotated": false}},
{"SPRITE" : {"name": "0172","x":463,"y":1708,"w":65,"h":34,"rotated": false}},
{"SPRITE" : {"name": "0173","x":971,"y":1741,"w":40,"h":37,"rotated": false}},
{"SPRITE" : {"name": "0174","x":971,"y":1741,"w":40,"h":37,"rotated": false}},
{"SPRITE" : {"name": "0175","x":1265,"y":1739,"w":40,"h":43,"rotated": false}},
{"SPRITE" : {"name": "0176","x":1265,"y":1739,"w":40,"h":43,"rotated": false}},
{"SPRITE" : {"name": "0177","x":1127,"y":424,"w":20,"h":62,"rotated": true}},
{"SPRITE" : {"name": "0178","x":1127,"y":424,"w":20,"h":62,"rotated": true}},
{"SPRITE" : {"name": "0179","x":322,"y":1702,"w":35,"h":66,"rotated": true}},
{"SPRITE" : {"name": "0180","x":322,"y":1702,"w":35,"h":66,"rotated": true}},
{"SPRITE" : {"name": "0181","x":322,"y":1702,"w":35,"h":66,"rotated": true}},
{"SPRITE" : {"name": "0182","x":322,"y":1702,"w":35,"h":66,"rotated": true}},
{"SPRITE" : {"name": "0183","x":1731,"y":1699,"w":32,"h":68,"rotated": true}},
{"SPRITE" : {"name": "0184","x":650,"y":1547,"w":27,"h":66,"rotated": true}},
{"SPRITE" : {"name": "0185","x":650,"y":1547,"w":27,"h":66,"rotated": true}},
{"SPRITE" : {"name": "0186","x":2017,"y":1500,"w":31,"h":61,"rotated": true}},
{"SPRITE" : {"name": "0187","x":2017,"y":1500,"w":31,"h":61,"rotated": true}},
{"SPRITE" : {"name": "0188","x":2017,"y":1500,"w":31,"h":61,"rotated": true}},
{"SPRITE" : {"name": "0189","x":111,"y":1709,"w":47,"h":46,"rotated": false}},
{"SPRITE" : {"name": "0190","x":163,"y":1709,"w":47,"h":45,"rotated": false}},
{"SPRITE" : {"name": "0191","x":1114,"y":1731,"w":41,"h":47,"rotated": false}},
{"SPRITE" : {"name": "0192","x":1599,"y":1729,"w":42,"h":48,"rotated": false}},
{"SPRITE" : {"name": "0193","x":1872,"y":1567,"w":78,"h":43,"rotated": false}},
{"SPRITE" : {"name": "0194","x":1999,"y":398,"w":44,"h":90,"rotated": true}},
{"SPRITE" : {"name": "0195","x":1999,"y":493,"w":44,"h":90,"rotated": true}},
{"SPRITE" : {"name": "0196","x":1381,"y":765,"w":40,"h":95,"rotated": true}},
{"SPRITE" : {"name": "0197","x":1381,"y":765,"w":40,"h":95,"rotated": true}},
{"SPRITE" : {"name": "0198","x":1631,"y":1561,"w":87,"h":40,"rotated": false}},
{"SPRITE" : {"name": "0199","x":1631,"y":1561,"w":87,"h":40,"rotated": false}},
{"SPRITE" : {"name": "0200","x":1127,"y":1653,"w":81,"h":35,"rotated": false}},
{"SPRITE" : {"name": "0201","x":1127,"y":1653,"w":81,"h":35,"rotated": false}},
{"SPRITE" : {"name": "0202","x":1631,"y":1561,"w":87,"h":40,"rotated": false}},
{"SPRITE" : {"name": "0203","x":1631,"y":1561,"w":87,"h":40,"rotated": false}},
{"SPRITE" : {"name": "0204","x":1493,"y":1539,"w":40,"h":88,"rotated": true}},
{"SPRITE" : {"name": "0205","x":1493,"y":1539,"w":40,"h":88,"rotated": true}},
{"SPRITE" : {"name": "0206","x":650,"y":1651,"w":80,"h":36,"rotated": false}},
{"SPRITE" : {"name": "0207","x":650,"y":1651,"w":80,"h":36,"rotated": false}},
{"SPRITE" : {"name": "0208","x":231,"y":1649,"w":73,"h":40,"rotated": false}},
{"SPRITE" : {"name": "0209","x":231,"y":1649,"w":73,"h":40,"rotated": false}},
{"SPRITE" : {"name": "0210","x":275,"y":953,"w":76,"h":21,"rotated": false}},
{"SPRITE" : {"name": "0211","x":275,"y":953,"w":76,"h":21,"rotated": false}},
{"SPRITE" : {"name": "0212","x":1630,"y":1606,"w":80,"h":39,"rotated": false}},
{"SPRITE" : {"name": "0213","x":1538,"y":1606,"w":87,"h":36,"rotated": false}},
{"SPRITE" : {"name": "0214","x":1538,"y":1606,"w":87,"h":36,"rotated": false}},
{"SPRITE" : {"name": "0215","x":1898,"y":398,"w":73,"h":16,"rotated": false}},
{"SPRITE" : {"name": "0216","x":1898,"y":398,"w":73,"h":16,"rotated": false}},
{"SPRITE" : {"name": "0217","x":0,"y":1674,"w":71,"h":36,"rotated": false}},
{"SPRITE" : {"name": "0218","x":0,"y":1674,"w":71,"h":36,"rotated": false}},
{"SPRITE" : {"name": "0219","x":0,"y":1674,"w":71,"h":36,"rotated": false}},
{"SPRITE" : {"name": "0220","x":229,"y":1694,"w":51,"h":48,"rotated": false}},
{"SPRITE" : {"name": "0221","x":229,"y":1694,"w":51,"h":48,"rotated": false}},
{"SPRITE" : {"name": "0222","x":229,"y":1694,"w":51,"h":48,"rotated": false}},
{"SPRITE" : {"name": "0223","x":1768,"y":1731,"w":46,"h":41,"rotated": false}},
{"SPRITE" : {"name": "0224","x":1768,"y":1731,"w":46,"h":41,"rotated": false}},
{"SPRITE" : {"name": "0225","x":1768,"y":1731,"w":46,"h":41,"rotated": false}},
{"SPRITE" : {"name": "0226","x":1849,"y":1697,"w":62,"h":38,"rotated": false}},
{"SPRITE" : {"name": "0227","x":729,"y":1698,"w":69,"h":34,"rotated": false}},
{"SPRITE" : {"name": "0228","x":729,"y":1698,"w":69,"h":34,"rotated": false}},
{"SPRITE" : {"name": "0229","x":1930,"y":1696,"w":75,"h":32,"rotated": false}},
{"SPRITE" : {"name": "0230","x":144,"y":1631,"w":82,"h":36,"rotated": false}},
{"SPRITE" : {"name": "0231","x":144,"y":1631,"w":82,"h":36,"rotated": false}},
{"SPRITE" : {"name": "0232","x":1381,"y":671,"w":43,"h":89,"rotated": true}},
{"SPRITE" : {"name": "0233","x":1911,"y":1275,"w":86,"h":42,"rotated": false}},
{"SPRITE" : {"name": "0234","x":1911,"y":1275,"w":86,"h":42,"rotated": false}},
{"SPRITE" : {"name": "0235","x":1955,"y":1567,"w":87,"h":38,"rotated": false}},
{"SPRITE" : {"name": "0236","x":1955,"y":1567,"w":87,"h":38,"rotated": false}},
{"SPRITE" : {"name": "0237","x":1955,"y":1567,"w":87,"h":38,"rotated": false}},
{"SPRITE" : {"name": "0238","x":342,"y":1607,"w":34,"h":90,"rotated": true}},
{"SPRITE" : {"name": "0239","x":342,"y":1607,"w":34,"h":90,"rotated": true}},
{"SPRITE" : {"name": "0240","x":1723,"y":1569,"w":88,"h":37,"rotated": false}},
{"SPRITE" : {"name": "0241","x":1723,"y":1569,"w":88,"h":37,"rotated": false}},
{"SPRITE" : {"name": "0242","x":1723,"y":1569,"w":88,"h":37,"rotated": false}},
{"SPRITE" : {"name": "0243","x":1723,"y":1569,"w":88,"h":37,"rotated": false}},
{"SPRITE" : {"name": "0244","x":1723,"y":1569,"w":88,"h":37,"rotated": false}},
{"SPRITE" : {"name": "0245","x":1723,"y":1569,"w":88,"h":37,"rotated": false}},
{"SPRITE" : {"name": "0246","x":1538,"y":1561,"w":88,"h":40,"rotated": false}},
{"SPRITE" : {"name": "0247","x":1985,"y":796,"w":49,"h":73,"rotated": true}},
{"SPRITE" : {"name": "0248","x":1985,"y":796,"w":49,"h":73,"rotated": true}},
{"SPRITE" : {"name": "0249","x":1985,"y":796,"w":49,"h":73,"rotated": true}},
{"SPRITE" : {"name": "0250","x":285,"y":1694,"w":32,"h":76,"rotated": true}},
{"SPRITE" : {"name": "0251","x":1768,"y":1694,"w":76,"h":32,"rotated": false}},
{"SPRITE" : {"name": "0252","x":1373,"y":1661,"w":75,"h":36,"rotated": false}},
{"SPRITE" : {"name": "0253","x":1373,"y":1661,"w":75,"h":36,"rotated": false}},
{"SPRITE" : {"name": "0254","x":626,"y":1692,"w":58,"h":43,"rotated": false}},
{"SPRITE" : {"name": "0255","x":626,"y":1692,"w":58,"h":43,"rotated": false}},
{"SPRITE" : {"name": "0256","x":626,"y":1692,"w":58,"h":43,"rotated": false}},
{"SPRITE" : {"name": "0257","x":1916,"y":1733,"w":41,"h":45,"rotated": false}},
{"SPRITE" : {"name": "0258","x":1916,"y":1733,"w":41,"h":45,"rotated": false}},
{"SPRITE" : {"name": "0259","x":1916,"y":1733,"w":41,"h":45,"rotated": false}},
{"SPRITE" : {"name": "0260","x":1646,"y":1729,"w":40,"h":49,"rotated": true}},
{"SPRITE" : {"name": "0261","x":253,"y":1607,"w":84,"h":37,"rotated": false}},
{"SPRITE" : {"name": "0262","x":253,"y":1607,"w":84,"h":37,"rotated": false}},
{"SPRITE" : {"name": "0263","x":1816,"y":1569,"w":41,"h":79,"rotated": true}},
{"SPRITE" : {"name": "0264","x":1816,"y":1569,"w":41,"h":79,"rotated": true}},
{"SPRITE" : {"name": "0265","x":1493,"y":1647,"w":68,"h":43,"rotated": false}},
{"SPRITE" : {"name": "0266","x":1493,"y":1647,"w":68,"h":43,"rotated": false}},
{"SPRITE" : {"name": "0267","x":735,"y":1651,"w":68,"h":42,"rotated": false}},
{"SPRITE" : {"name": "0268","x":735,"y":1651,"w":68,"h":42,"rotated": false}},
{"SPRITE" : {"name": "0269","x":1696,"y":1653,"w":67,"h":41,"rotated": false}},
{"SPRITE" : {"name": "0270","x":1696,"y":1653,"w":67,"h":41,"rotated": false}},
{"SPRITE" : {"name": "0271","x":2017,"y":1341,"w":31,"h":78,"rotated": true}},
{"SPRITE" : {"name": "0272","x":2017,"y":1341,"w":31,"h":78,"rotated": true}},
{"SPRITE" : {"name": "0273","x":1114,"y":1693,"w":75,"h":33,"rotated": false}},
{"SPRITE" : {"name": "0274","x":1114,"y":1693,"w":75,"h":33,"rotated": false}},
{"SPRITE" : {"name": "0275","x":1114,"y":1693,"w":75,"h":33,"rotated": false}},
{"SPRITE" : {"name": "0276","x":1114,"y":1693,"w":75,"h":33,"rotated": false}},
{"SPRITE" : {"name": "0277","x":1114,"y":1693,"w":75,"h":33,"rotated": false}},
{"SPRITE" : {"name": "0278","x":1114,"y":1693,"w":75,"h":33,"rotated": false}},
{"SPRITE" : {"name": "0279","x":1114,"y":1693,"w":75,"h":33,"rotated": false}},
{"SPRITE" : {"name": "0280","x":1114,"y":1693,"w":75,"h":33,"rotated": false}},
{"SPRITE" : {"name": "0281","x":1114,"y":1693,"w":75,"h":33,"rotated": false}},
{"SPRITE" : {"name": "0282","x":1114,"y":1693,"w":75,"h":33,"rotated": false}},
{"SPRITE" : {"name": "0283","x":1114,"y":1693,"w":75,"h":33,"rotated": false}},
{"SPRITE" : {"name": "0284","x":1114,"y":1693,"w":75,"h":33,"rotated": false}},
{"SPRITE" : {"name": "0285","x":1114,"y":1693,"w":75,"h":33,"rotated": false}},
{"SPRITE" : {"name": "0286","x":1114,"y":1693,"w":75,"h":33,"rotated": false}},
{"SPRITE" : {"name": "0287","x":559,"y":654,"w":270,"h":228,"rotated": false}},
{"SPRITE" : {"name": "0288","x":559,"y":654,"w":270,"h":228,"rotated": false}},
{"SPRITE" : {"name": "0289","x":1429,"y":654,"w":278,"h":220,"rotated": false}},
{"SPRITE" : {"name": "0290","x":1429,"y":654,"w":278,"h":220,"rotated": false}},
{"SPRITE" : {"name": "0291","x":550,"y":1118,"w":262,"h":225,"rotated": false}},
{"SPRITE" : {"name": "0292","x":550,"y":1118,"w":262,"h":225,"rotated": false}},
{"SPRITE" : {"name": "0293","x":817,"y":1120,"w":262,"h":225,"rotated": false}},
{"SPRITE" : {"name": "0294","x":817,"y":1120,"w":262,"h":225,"rotated": false}},
{"SPRITE" : {"name": "0295","x":1644,"y":1115,"w":262,"h":226,"rotated": false}},
{"SPRITE" : {"name": "0296","x":1644,"y":1115,"w":262,"h":226,"rotated": false}},
{"SPRITE" : {"name": "0297","x":1644,"y":1115,"w":262,"h":226,"rotated": false}},
{"SPRITE" : {"name": "0298","x":275,"y":981,"w":270,"h":222,"rotated": false}},
{"SPRITE" : {"name": "0299","x":275,"y":981,"w":270,"h":222,"rotated": false}},
{"SPRITE" : {"name": "0300","x":0,"y":1288,"w":258,"h":225,"rotated": false}},
{"SPRITE" : {"name": "0301","x":0,"y":1288,"w":258,"h":225,"rotated": false}},
{"SPRITE" : {"name": "0302","x":1084,"y":1129,"w":257,"h":226,"rotated": false}},
{"SPRITE" : {"name": "0303","x":270,"y":1208,"w":257,"h":226,"rotated": false}},
{"SPRITE" : {"name": "0304","x":270,"y":1208,"w":257,"h":226,"rotated": false}},
{"SPRITE" : {"name": "0305","x":1106,"y":671,"w":270,"h":224,"rotated": false}},
{"SPRITE" : {"name": "0306","x":1106,"y":671,"w":270,"h":224,"rotated": false}},
{"SPRITE" : {"name": "0307","x":1106,"y":671,"w":270,"h":224,"rotated": false}},
{"SPRITE" : {"name": "0308","x":1106,"y":671,"w":270,"h":224,"rotated": false}},
{"SPRITE" : {"name": "0309","x":0,"y":828,"w":270,"h":224,"rotated": false}},
{"SPRITE" : {"name": "0310","x":0,"y":828,"w":270,"h":224,"rotated": false}},
{"SPRITE" : {"name": "0311","x":0,"y":828,"w":270,"h":224,"rotated": false}},
{"SPRITE" : {"name": "0312","x":0,"y":828,"w":270,"h":224,"rotated": false}},
{"SPRITE" : {"name": "0313","x":0,"y":828,"w":270,"h":224,"rotated": false}},
{"SPRITE" : {"name": "0314","x":0,"y":828,"w":270,"h":224,"rotated": false}},
{"SPRITE" : {"name": "0315","x":0,"y":828,"w":270,"h":224,"rotated": false}},
{"SPRITE" : {"name": "0316","x":0,"y":828,"w":270,"h":224,"rotated": false}},
{"SPRITE" : {"name": "0317","x":0,"y":828,"w":270,"h":224,"rotated": false}},
{"SPRITE" : {"name": "0318","x":0,"y":828,"w":270,"h":224,"rotated": false}},
{"SPRITE" : {"name": "0319","x":0,"y":828,"w":270,"h":224,"rotated": false}},
{"SPRITE" : {"name": "0320","x":0,"y":828,"w":270,"h":224,"rotated": false}},
{"SPRITE" : {"name": "0321","x":0,"y":828,"w":270,"h":224,"rotated": false}},
{"SPRITE" : {"name": "0322","x":0,"y":828,"w":270,"h":224,"rotated": false}},
{"SPRITE" : {"name": "0323","x":0,"y":828,"w":270,"h":224,"rotated": false}},
{"SPRITE" : {"name": "0324","x":0,"y":828,"w":270,"h":224,"rotated": false}},
{"SPRITE" : {"name": "0325","x":0,"y":828,"w":270,"h":224,"rotated": false}},
{"SPRITE" : {"name": "0326","x":0,"y":828,"w":270,"h":224,"rotated": false}},
{"SPRITE" : {"name": "0327","x":0,"y":828,"w":270,"h":224,"rotated": false}},
{"SPRITE" : {"name": "0328","x":0,"y":828,"w":270,"h":224,"rotated": false}},
{"SPRITE" : {"name": "0329","x":0,"y":828,"w":270,"h":224,"rotated": false}},
{"SPRITE" : {"name": "0330","x":0,"y":828,"w":270,"h":224,"rotated": false}},
{"SPRITE" : {"name": "0331","x":0,"y":828,"w":270,"h":224,"rotated": false}},
{"SPRITE" : {"name": "0332","x":0,"y":828,"w":270,"h":224,"rotated": false}},
{"SPRITE" : {"name": "0333","x":0,"y":828,"w":270,"h":224,"rotated": false}},
{"SPRITE" : {"name": "0334","x":0,"y":828,"w":270,"h":224,"rotated": false}},
{"SPRITE" : {"name": "0335","x":0,"y":828,"w":270,"h":224,"rotated": false}},
{"SPRITE" : {"name": "0336","x":0,"y":828,"w":270,"h":224,"rotated": false}},
{"SPRITE" : {"name": "0337","x":0,"y":828,"w":270,"h":224,"rotated": false}},
{"SPRITE" : {"name": "0338","x":0,"y":828,"w":270,"h":224,"rotated": false}},
{"SPRITE" : {"name": "0339","x":0,"y":828,"w":270,"h":224,"rotated": false}},
{"SPRITE" : {"name": "0340","x":0,"y":828,"w":270,"h":224,"rotated": false}},
{"SPRITE" : {"name": "0341","x":0,"y":828,"w":270,"h":224,"rotated": false}},
{"SPRITE" : {"name": "0342","x":0,"y":828,"w":270,"h":224,"rotated": false}},
{"SPRITE" : {"name": "0343","x":0,"y":828,"w":270,"h":224,"rotated": false}},
{"SPRITE" : {"name": "0344","x":0,"y":828,"w":270,"h":224,"rotated": false}},
{"SPRITE" : {"name": "0345","x":0,"y":828,"w":270,"h":224,"rotated": false}},
{"SPRITE" : {"name": "0346","x":0,"y":828,"w":270,"h":224,"rotated": false}},
{"SPRITE" : {"name": "0347","x":0,"y":828,"w":270,"h":224,"rotated": false}},
{"SPRITE" : {"name": "0348","x":0,"y":828,"w":270,"h":224,"rotated": false}},
{"SPRITE" : {"name": "0349","x":0,"y":828,"w":270,"h":224,"rotated": false}},
{"SPRITE" : {"name": "0350","x":0,"y":828,"w":270,"h":224,"rotated": false}},
{"SPRITE" : {"name": "0351","x":0,"y":828,"w":270,"h":224,"rotated": false}},
{"SPRITE" : {"name": "0352","x":0,"y":828,"w":270,"h":224,"rotated": false}},
{"SPRITE" : {"name": "0353","x":0,"y":828,"w":270,"h":224,"rotated": false}},
{"SPRITE" : {"name": "0354","x":0,"y":828,"w":270,"h":224,"rotated": false}},
{"SPRITE" : {"name": "0355","x":0,"y":828,"w":270,"h":224,"rotated": false}},
{"SPRITE" : {"name": "0356","x":0,"y":828,"w":270,"h":224,"rotated": false}},
{"SPRITE" : {"name": "0357","x":0,"y":828,"w":270,"h":224,"rotated": false}},
{"SPRITE" : {"name": "0358","x":0,"y":828,"w":270,"h":224,"rotated": false}},
{"SPRITE" : {"name": "0359","x":0,"y":828,"w":270,"h":224,"rotated": false}},
{"SPRITE" : {"name": "0360","x":0,"y":828,"w":270,"h":224,"rotated": false}},
{"SPRITE" : {"name": "0361","x":0,"y":828,"w":270,"h":224,"rotated": false}},
{"SPRITE" : {"name": "0362","x":0,"y":828,"w":270,"h":224,"rotated": false}},
{"SPRITE" : {"name": "0363","x":0,"y":828,"w":270,"h":224,"rotated": false}},
{"SPRITE" : {"name": "0364","x":0,"y":828,"w":270,"h":224,"rotated": false}},
{"SPRITE" : {"name": "0365","x":0,"y":828,"w":270,"h":224,"rotated": false}},
{"SPRITE" : {"name": "0366","x":0,"y":828,"w":270,"h":224,"rotated": false}},
{"SPRITE" : {"name": "0367","x":0,"y":828,"w":270,"h":224,"rotated": false}},
{"SPRITE" : {"name": "0368","x":0,"y":828,"w":270,"h":224,"rotated": false}},
{"SPRITE" : {"name": "0369","x":0,"y":828,"w":270,"h":224,"rotated": false}},
{"SPRITE" : {"name": "0370","x":0,"y":828,"w":270,"h":224,"rotated": false}},
{"SPRITE" : {"name": "0371","x":0,"y":828,"w":270,"h":224,"rotated": false}},
{"SPRITE" : {"name": "0372","x":0,"y":828,"w":270,"h":224,"rotated": false}},
{"SPRITE" : {"name": "0373","x":0,"y":828,"w":270,"h":224,"rotated": false}},
{"SPRITE" : {"name": "0374","x":0,"y":828,"w":270,"h":224,"rotated": false}},
{"SPRITE" : {"name": "0375","x":0,"y":828,"w":270,"h":224,"rotated": false}},
{"SPRITE" : {"name": "0376","x":0,"y":828,"w":270,"h":224,"rotated": false}},
{"SPRITE" : {"name": "0377","x":0,"y":828,"w":270,"h":224,"rotated": false}},
{"SPRITE" : {"name": "0378","x":0,"y":828,"w":270,"h":224,"rotated": false}},
{"SPRITE" : {"name": "0379","x":0,"y":828,"w":270,"h":224,"rotated": false}},
{"SPRITE" : {"name": "0380","x":0,"y":828,"w":270,"h":224,"rotated": false}},
{"SPRITE" : {"name": "0381","x":0,"y":828,"w":270,"h":224,"rotated": false}},
{"SPRITE" : {"name": "0382","x":0,"y":828,"w":270,"h":224,"rotated": false}},
{"SPRITE" : {"name": "0383","x":0,"y":828,"w":270,"h":224,"rotated": false}},
{"SPRITE" : {"name": "0384","x":0,"y":828,"w":270,"h":224,"rotated": false}},
{"SPRITE" : {"name": "0385","x":0,"y":828,"w":270,"h":224,"rotated": false}},
{"SPRITE" : {"name": "0386","x":0,"y":828,"w":270,"h":224,"rotated": false}},
{"SPRITE" : {"name": "0387","x":0,"y":828,"w":270,"h":224,"rotated": false}},
{"SPRITE" : {"name": "0388","x":0,"y":828,"w":270,"h":224,"rotated": false}},
{"SPRITE" : {"name": "0389","x":0,"y":828,"w":270,"h":224,"rotated": false}},
{"SPRITE" : {"name": "0390","x":0,"y":828,"w":270,"h":224,"rotated": false}},
{"SPRITE" : {"name": "0391","x":0,"y":828,"w":270,"h":224,"rotated": false}},
{"SPRITE" : {"name": "0392","x":0,"y":828,"w":270,"h":224,"rotated": false}},
{"SPRITE" : {"name": "0393","x":0,"y":828,"w":270,"h":224,"rotated": false}},
{"SPRITE" : {"name": "0394","x":0,"y":828,"w":270,"h":224,"rotated": false}},
{"SPRITE" : {"name": "0395","x":0,"y":828,"w":270,"h":224,"rotated": false}},
{"SPRITE" : {"name": "0396","x":0,"y":828,"w":270,"h":224,"rotated": false}},
{"SPRITE" : {"name": "0397","x":0,"y":828,"w":270,"h":224,"rotated": false}},
{"SPRITE" : {"name": "0398","x":0,"y":828,"w":270,"h":224,"rotated": false}},
{"SPRITE" : {"name": "0399","x":0,"y":828,"w":270,"h":224,"rotated": false}},
{"SPRITE" : {"name": "0400","x":0,"y":828,"w":270,"h":224,"rotated": false}},
{"SPRITE" : {"name": "0401","x":0,"y":828,"w":270,"h":224,"rotated": false}},
{"SPRITE" : {"name": "0402","x":0,"y":828,"w":270,"h":224,"rotated": false}},
{"SPRITE" : {"name": "0403","x":0,"y":828,"w":270,"h":224,"rotated": false}},
{"SPRITE" : {"name": "0404","x":0,"y":828,"w":270,"h":224,"rotated": false}},
{"SPRITE" : {"name": "0405","x":0,"y":828,"w":270,"h":224,"rotated": false}},
{"SPRITE" : {"name": "0406","x":0,"y":828,"w":270,"h":224,"rotated": false}},
{"SPRITE" : {"name": "0407","x":0,"y":828,"w":270,"h":224,"rotated": false}},
{"SPRITE" : {"name": "0408","x":0,"y":828,"w":270,"h":224,"rotated": false}},
{"SPRITE" : {"name": "0409","x":0,"y":828,"w":270,"h":224,"rotated": false}},
{"SPRITE" : {"name": "0410","x":0,"y":828,"w":270,"h":224,"rotated": false}},
{"SPRITE" : {"name": "0411","x":0,"y":828,"w":270,"h":224,"rotated": false}},
{"SPRITE" : {"name": "0412","x":0,"y":828,"w":270,"h":224,"rotated": false}},
{"SPRITE" : {"name": "0413","x":0,"y":828,"w":270,"h":224,"rotated": false}},
{"SPRITE" : {"name": "0414","x":0,"y":828,"w":270,"h":224,"rotated": false}},
{"SPRITE" : {"name": "0415","x":0,"y":828,"w":270,"h":224,"rotated": false}},
{"SPRITE" : {"name": "0416","x":0,"y":828,"w":270,"h":224,"rotated": false}},
{"SPRITE" : {"name": "0417","x":0,"y":828,"w":270,"h":224,"rotated": false}},
{"SPRITE" : {"name": "0418","x":0,"y":828,"w":270,"h":224,"rotated": false}},
{"SPRITE" : {"name": "0419","x":0,"y":828,"w":270,"h":224,"rotated": false}},
{"SPRITE" : {"name": "0420","x":0,"y":828,"w":270,"h":224,"rotated": false}},
{"SPRITE" : {"name": "0421","x":1106,"y":671,"w":270,"h":224,"rotated": false}},
{"SPRITE" : {"name": "0422","x":1106,"y":671,"w":270,"h":224,"rotated": false}},
{"SPRITE" : {"name": "0423","x":1381,"y":879,"w":270,"h":224,"rotated": false}},
{"SPRITE" : {"name": "0424","x":1381,"y":879,"w":270,"h":224,"rotated": false}},
{"SPRITE" : {"name": "0425","x":1381,"y":879,"w":270,"h":224,"rotated": false}},
{"SPRITE" : {"name": "0426","x":1381,"y":879,"w":270,"h":224,"rotated": false}},
{"SPRITE" : {"name": "0427","x":1381,"y":879,"w":270,"h":224,"rotated": false}},
{"SPRITE" : {"name": "0428","x":1381,"y":879,"w":270,"h":224,"rotated": false}},
{"SPRITE" : {"name": "0429","x":1381,"y":879,"w":270,"h":224,"rotated": false}},
{"SPRITE" : {"name": "0430","x":1381,"y":879,"w":270,"h":224,"rotated": false}},
{"SPRITE" : {"name": "0431","x":1381,"y":879,"w":270,"h":224,"rotated": false}},
{"SPRITE" : {"name": "0432","x":1381,"y":879,"w":270,"h":224,"rotated": false}},
{"SPRITE" : {"name": "0433","x":1381,"y":879,"w":270,"h":224,"rotated": false}},
{"SPRITE" : {"name": "0434","x":1381,"y":879,"w":270,"h":224,"rotated": false}},
{"SPRITE" : {"name": "0435","x":1381,"y":879,"w":270,"h":224,"rotated": false}},
{"SPRITE" : {"name": "0436","x":1381,"y":879,"w":270,"h":224,"rotated": false}},
{"SPRITE" : {"name": "0437","x":1381,"y":879,"w":270,"h":224,"rotated": false}},
{"SPRITE" : {"name": "0438","x":1381,"y":879,"w":270,"h":224,"rotated": false}},
{"SPRITE" : {"name": "0439","x":1381,"y":879,"w":270,"h":224,"rotated": false}},
{"SPRITE" : {"name": "0440","x":1381,"y":879,"w":270,"h":224,"rotated": false}},
{"SPRITE" : {"name": "0441","x":1381,"y":879,"w":270,"h":224,"rotated": false}},
{"SPRITE" : {"name": "0442","x":1381,"y":879,"w":270,"h":224,"rotated": false}},
{"SPRITE" : {"name": "0443","x":1381,"y":879,"w":270,"h":224,"rotated": false}},
{"SPRITE" : {"name": "0444","x":1381,"y":879,"w":270,"h":224,"rotated": false}},
{"SPRITE" : {"name": "0445","x":1656,"y":885,"w":268,"h":225,"rotated": false}},
{"SPRITE" : {"name": "0446","x":1656,"y":885,"w":268,"h":225,"rotated": false}},
{"SPRITE" : {"name": "0447","x":1101,"y":900,"w":268,"h":224,"rotated": false}},
{"SPRITE" : {"name": "0448","x":1152,"y":420,"w":272,"h":246,"rotated": false}},
{"SPRITE" : {"name": "0449","x":559,"y":887,"w":266,"h":226,"rotated": false}},
{"SPRITE" : {"name": "0450","x":559,"y":887,"w":266,"h":226,"rotated": false}},
{"SPRITE" : {"name": "0451","x":559,"y":887,"w":266,"h":226,"rotated": false}},
{"SPRITE" : {"name": "0452","x":559,"y":887,"w":266,"h":226,"rotated": false}},
{"SPRITE" : {"name": "0453","x":559,"y":887,"w":266,"h":226,"rotated": false}},
{"SPRITE" : {"name": "0454","x":559,"y":887,"w":266,"h":226,"rotated": false}},
{"SPRITE" : {"name": "0455","x":559,"y":887,"w":266,"h":226,"rotated": false}},
{"SPRITE" : {"name": "0456","x":559,"y":887,"w":266,"h":226,"rotated": false}},
{"SPRITE" : {"name": "0457","x":559,"y":887,"w":266,"h":226,"rotated": false}},
{"SPRITE" : {"name": "0458","x":559,"y":887,"w":266,"h":226,"rotated": false}},
{"SPRITE" : {"name": "0459","x":559,"y":887,"w":266,"h":226,"rotated": false}},
{"SPRITE" : {"name": "0460","x":559,"y":887,"w":266,"h":226,"rotated": false}},
{"SPRITE" : {"name": "0461","x":559,"y":887,"w":266,"h":226,"rotated": false}},
{"SPRITE" : {"name": "0462","x":559,"y":887,"w":266,"h":226,"rotated": false}},
{"SPRITE" : {"name": "0463","x":0,"y":1057,"w":265,"h":226,"rotated": false}},
{"SPRITE" : {"name": "0464","x":0,"y":1057,"w":265,"h":226,"rotated": false}},
{"SPRITE" : {"name": "0465","x":1374,"y":1108,"w":265,"h":226,"rotated": false}},
{"SPRITE" : {"name": "0466","x":1374,"y":1108,"w":265,"h":226,"rotated": false}},
{"SPRITE" : {"name": "0467","x":683,"y":1520,"w":129,"h":126,"rotated": false}},
{"SPRITE" : {"name": "0468","x":1898,"y":0,"w":141,"h":222,"rotated": true}},
{"SPRITE" : {"name": "0469","x":1929,"y":885,"w":109,"h":118,"rotated": false}},
{"SPRITE" : {"name": "0470","x":532,"y":1348,"w":146,"h":194,"rotated": false}},
{"SPRITE" : {"name": "0471","x":993,"y":1531,"w":129,"h":126,"rotated": false}},
{"SPRITE" : {"name": "0472","x":993,"y":1531,"w":129,"h":126,"rotated": false}},
{"SPRITE" : {"name": "0473","x":373,"y":418,"w":181,"h":558,"rotated": true}},
{"SPRITE" : {"name": "0474","x":993,"y":1531,"w":129,"h":126,"rotated": false}},
{"SPRITE" : {"name": "0475","x":275,"y":828,"w":88,"h":120,"rotated": false}},
{"SPRITE" : {"name": "0476","x":1929,"y":1008,"w":109,"h":102,"rotated": false}},
{"SPRITE" : {"name": "0477","x":1929,"y":1008,"w":109,"h":102,"rotated": false}},
{"SPRITE" : {"name": "0478","x":1929,"y":1008,"w":109,"h":102,"rotated": false}},
{"SPRITE" : {"name": "0479","x":1929,"y":1008,"w":109,"h":102,"rotated": false}},
{"SPRITE" : {"name": "0480","x":1929,"y":1008,"w":109,"h":102,"rotated": false}},
{"SPRITE" : {"name": "0481","x":1929,"y":1008,"w":109,"h":102,"rotated": false}},
{"SPRITE" : {"name": "0482","x":683,"y":1350,"w":163,"h":165,"rotated": false}},
{"SPRITE" : {"name": "0483","x":851,"y":1350,"w":168,"h":156,"rotated": false}},
{"SPRITE" : {"name": "0484","x":851,"y":1350,"w":168,"h":156,"rotated": false}},
{"SPRITE" : {"name": "0485","x":851,"y":1350,"w":168,"h":156,"rotated": false}},
{"SPRITE" : {"name": "0486","x":851,"y":1350,"w":168,"h":156,"rotated": false}},
{"SPRITE" : {"name": "0487","x":851,"y":1350,"w":168,"h":156,"rotated": false}},
{"SPRITE" : {"name": "0488","x":851,"y":1350,"w":168,"h":156,"rotated": false}},
{"SPRITE" : {"name": "0489","x":406,"y":1439,"w":117,"h":117,"rotated": false}},
{"SPRITE" : {"name": "0490","x":1346,"y":1339,"w":202,"h":195,"rotated": false}},
{"SPRITE" : {"name": "0491","x":406,"y":1439,"w":117,"h":117,"rotated": false}},
{"SPRITE" : {"name": "0492","x":1127,"y":1531,"w":117,"h":117,"rotated": false}},
{"SPRITE" : {"name": "0493","x":1127,"y":1531,"w":117,"h":117,"rotated": false}},
{"SPRITE" : {"name": "0494","x":1249,"y":1539,"w":117,"h":117,"rotated": false}},
{"SPRITE" : {"name": "0495","x":1249,"y":1539,"w":117,"h":117,"rotated": false}},
{"SPRITE" : {"name": "0496","x":1371,"y":1539,"w":117,"h":117,"rotated": false}},
{"SPRITE" : {"name": "0497","x":528,"y":1547,"w":117,"h":117,"rotated": false}},
{"SPRITE" : {"name": "0498","x":528,"y":1547,"w":117,"h":117,"rotated": false}},
{"SPRITE" : {"name": "0499","x":1127,"y":1531,"w":117,"h":117,"rotated": false}},
{"SPRITE" : {"name": "0500","x":1249,"y":1539,"w":117,"h":117,"rotated": false}},
{"SPRITE" : {"name": "0501","x":1872,"y":1346,"w":140,"h":216,"rotated": false}},
{"SPRITE" : {"name": "0502","x":1726,"y":1346,"w":141,"h":218,"rotated": false}},
{"SPRITE" : {"name": "0503","x":780,"y":0,"w":367,"h":419,"rotated": false}},
{"SPRITE" : {"name": "0504","x":1152,"y":0,"w":368,"h":415,"rotated": false}},
{"SPRITE" : {"name": "0505","x":1152,"y":0,"w":368,"h":415,"rotated": false}},
{"SPRITE" : {"name": "0506","x":1152,"y":0,"w":368,"h":415,"rotated": false}},
{"SPRITE" : {"name": "0507","x":1152,"y":0,"w":368,"h":415,"rotated": false}},
{"SPRITE" : {"name": "0508","x":1152,"y":0,"w":368,"h":415,"rotated": false}},
{"SPRITE" : {"name": "0509","x":1152,"y":0,"w":368,"h":415,"rotated": false}},
{"SPRITE" : {"name": "0510","x":396,"y":0,"w":379,"h":413,"rotated": false}},
{"SPRITE" : {"name": "0511","x":0,"y":0,"w":391,"h":403,"rotated": false}},
{"SPRITE" : {"name": "0512","x":0,"y":0,"w":391,"h":403,"rotated": false}},
{"SPRITE" : {"name": "0513","x":1525,"y":0,"w":368,"h":415,"rotated": false}},
{"SPRITE" : {"name": "0514","x":0,"y":408,"w":368,"h":415,"rotated": false}},
{"SPRITE" : {"name": "0515","x":1178,"y":1360,"w":146,"h":166,"rotated": false}},
{"SPRITE" : {"name": "0516","x":406,"y":1561,"w":88,"h":116,"rotated": false}},
{"SPRITE" : {"name": "0517","x":1178,"y":1360,"w":146,"h":166,"rotated": false}},
{"SPRITE" : {"name": "0518","x":1178,"y":1360,"w":146,"h":166,"rotated": false}},
{"SPRITE" : {"name": "0519","x":1178,"y":1360,"w":146,"h":166,"rotated": false}},
{"SPRITE" : {"name": "0520","x":1178,"y":1360,"w":146,"h":166,"rotated": false}},
{"SPRITE" : {"name": "0521","x":1178,"y":1360,"w":146,"h":166,"rotated": false}},
{"SPRITE" : {"name": "0522","x":1178,"y":1360,"w":146,"h":166,"rotated": false}},
{"SPRITE" : {"name": "0523","x":1178,"y":1360,"w":146,"h":166,"rotated": false}},
{"SPRITE" : {"name": "0524","x":1553,"y":1346,"w":168,"h":210,"rotated": false}},
{"SPRITE" : {"name": "0525","x":1553,"y":1346,"w":168,"h":210,"rotated": false}},
{"SPRITE" : {"name": "0526","x":1553,"y":1346,"w":168,"h":210,"rotated": false}},
{"SPRITE" : {"name": "0527","x":1553,"y":1346,"w":168,"h":210,"rotated": false}},
{"SPRITE" : {"name": "0528","x":1553,"y":1346,"w":168,"h":210,"rotated": false}},
{"SPRITE" : {"name": "0529","x":1553,"y":1346,"w":168,"h":210,"rotated": false}},
{"SPRITE" : {"name": "0530","x":1178,"y":1360,"w":146,"h":166,"rotated": false}},
{"SPRITE" : {"name": "0531","x":1178,"y":1360,"w":146,"h":166,"rotated": false}},
{"SPRITE" : {"name": "0532","x":1178,"y":1360,"w":146,"h":166,"rotated": false}},
{"SPRITE" : {"name": "0533","x":1178,"y":1360,"w":146,"h":166,"rotated": false}},
{"SPRITE" : {"name": "0534","x":1024,"y":1360,"w":149,"h":166,"rotated": false}},
{"SPRITE" : {"name": "0535","x":1898,"y":227,"w":140,"h":166,"rotated": false}},
{"SPRITE" : {"name": "0536","x":263,"y":1439,"w":138,"h":163,"rotated": false}},
{"SPRITE" : {"name": "0537","x":263,"y":1439,"w":138,"h":163,"rotated": false}},
{"SPRITE" : {"name": "0538","x":1911,"y":1115,"w":137,"h":155,"rotated": false}},
{"SPRITE" : {"name": "0539","x":851,"y":1511,"w":137,"h":155,"rotated": false}},
{"SPRITE" : {"name": "0540","x":0,"y":1518,"w":139,"h":151,"rotated": false}},
{"SPRITE" : {"name": "0541","x":144,"y":1518,"w":104,"h":108,"rotated": false}},
{"SPRITE" : {"name": "0542","x":834,"y":654,"w":267,"h":230,"rotated": false}},
{"SPRITE" : {"name": "0543","x":559,"y":424,"w":279,"h":225,"rotated": false}},
{"SPRITE" : {"name": "0544","x":1429,"y":420,"w":280,"h":229,"rotated": false}},
{"SPRITE" : {"name": "0545","x":843,"y":424,"w":279,"h":225,"rotated": false}},
{"SPRITE" : {"name": "0546","x":1714,"y":420,"w":280,"h":229,"rotated": false}},
{"SPRITE" : {"name": "0547","x":1712,"y":654,"w":268,"h":226,"rotated": false}},
{"SPRITE" : {"name": "0548","x":830,"y":889,"w":266,"h":226,"rotated": false}}
]},
"meta": {
"app": "Adobe Animate",
"version": "22.0.2.168",
"image": "spritemap1.png",
"format": "RGBA8888",
"size": {"w":2048,"h":1795},
"resolution": "1"
}
}
